<?xml version="1.0" encoding="UTF-8"?>
<beans xmlns="http://www.springframework.org/schema/beans"
	xmlns:xsi="http://www.w3.org/2001/XMLSchema-instance" 
	xmlns:int="http://www.springframework.org/schema/integration"
	xmlns:stream="http://www.springframework.org/schema/integration/stream"
	xmlns:file="http://www.springframework.org/schema/integration/file"
	xmlns:jms="http://www.springframework.org/schema/integration/jms"
	xmlns:http="http://www.springframework.org/schema/integration/http"
	xmlns:feed="http://www.springframework.org/schema/integration/feed"
	xsi:schemaLocation="http://www.springframework.org/schema/integration/feed http://www.springframework.org/schema/integration/feed/spring-integration-feed.xsd
		http://www.springframework.org/schema/beans http://www.springframework.org/schema/beans/spring-beans.xsd
		http://www.springframework.org/schema/integration/stream http://www.springframework.org/schema/integration/stream/spring-integration-stream.xsd
		http://www.springframework.org/schema/integration/file http://www.springframework.org/schema/integration/file/spring-integration-file.xsd
		http://www.springframework.org/schema/integration/jms http://www.springframework.org/schema/integration/jms/spring-integration-jms.xsd
		http://www.springframework.org/schema/integration/http http://www.springframework.org/schema/integration/http/spring-integration-http.xsd
		http://www.springframework.org/schema/integration http://www.springframework.org/schema/integration/spring-integration.xsd">
	<stream:stdin-channel-adapter channel="mych"></stream:stdin-channel-adapter>
	<jms:outbound-channel-adapter 
				auto-startup="true" channel="mych"  
				destination-name="AintQueue"  jms-template="jmsTemplate"  ></jms:outbound-channel-adapter>
	
	<int:channel id="mych"></int:channel>
	<int:poller default="true" id="defaultPoller"
		max-messages-per-poll="3" 	fixed-rate="1000"></int:poller>
</beans>		
