<?xml version="1.0" encoding="UTF-8"?>
<beans xmlns="http://www.springframework.org/schema/beans"
	xmlns:xsi="http://www.w3.org/2001/XMLSchema-instance"
	xmlns:int="http://www.springframework.org/schema/integration"
	xmlns:stream="http://www.springframework.org/schema/integration/stream"
	xmlns:file="http://www.springframework.org/schema/integration/file"
	xmlns:http="http://www.springframework.org/schema/integration/http"
	xmlns:jms="http://www.springframework.org/schema/integration/jms"
	xmlns:feed="http://www.springframework.org/schema/integration/feed"
	xsi:schemaLocation="http://www.springframework.org/schema/integration/feed http://www.springframework.org/schema/integration/feed/spring-integration-feed.xsd
		http://www.springframework.org/schema/beans http://www.springframework.org/schema/beans/spring-beans.xsd
		http://www.springframework.org/schema/integration/stream http://www.springframework.org/schema/integration/stream/spring-integration-stream.xsd
		http://www.springframework.org/schema/integration/file http://www.springframework.org/schema/integration/file/spring-integration-file.xsd
		http://www.springframework.org/schema/integration/http http://www.springframework.org/schema/integration/http/spring-integration-http.xsd
		http://www.springframework.org/schema/integration/jms http://www.springframework.org/schema/integration/jms/spring-integration-jms.xsd
		http://www.springframework.org/schema/integration http://www.springframework.org/schema/integration/spring-integration.xsd">
		
<!-- <stream:stdin-channel-adapter id="producer" channel="mych"></stream:stdin-channel-adapter>

<stream:stdout-channel-adapter id="consumer2" channel="mych" append-newline="true"></stream:stdout-channel-adapter>
<int:publish-subscribe-channel id="mych"></int:publish-subscribe-channel>
<int:channel id="mych"></int:channel>

<file:inbound-channel-adapter directory="/demo/input" channel="mych"></file:inbound-channel-adapter>
<file:outbound-channel-adapter id="consumer1" directory="/demo/output" channel="mych" auto-create-directory="true" filename-generator-expression="'aa'+new.java.util.Date().getTime().toString()+'.txt'"/>
<stream:stdout-channel-adapter id="consumer2" channel="mych" append-newline="true"></stream:stdout-channel-adapter>
<file:outbound-channel-adapter directory="/demo/output1" channel="mych" auto-create-directory="true"></file:outbound-channel-adapter>

<int:publish-subscribe-channel id="mych"></int:publish-subscribe-channel>
<int:channel id="mych"></int:channel>  -->
<!-- <jms:outbound-channel-adapter auto-startup="true" channel="mych" destination-name="AintQueue" jms-template="jmsTemplate" /> 
<stream:stdin-channel-adapter channel="mych" />
<jms:inbound-channel-adapter channel="mych"  destination-name="AQueue" jms-template="jmsTemplate" />-->

<stream:stdin-channel-adapter  id ="StdInAcceptInput" channel="mych" />
<http:outbound-gateway  url="{customurl}" request-channel="mych" 
				reply-channel="rch" http-method="GET"  expected-response-type="java.lang.String" >
<http:uri-variable name="customurl" expression="'http://trnroom2-01:8080/'+{payload}" />				
 	
</http:outbound-gateway>
	
<stream:stdout-channel-adapter channel="rch" append-newline="true"/>

<int:channel id="mych"></int:channel>
<int:channel id="rch"></int:channel>
<int:poller default="true" id="defaultPoller" max-messages-per-poll="3" fixed-rate="5000"></int:poller> 

</beans>
