<?xml version="1.0" encoding="UTF-8"?>
<beans xmlns="http://www.springframework.org/schema/beans"
	xmlns:xsi="http://www.w3.org/2001/XMLSchema-instance" 
	xmlns:int="http://www.springframework.org/schema/integration"
	xmlns:stream="http://www.springframework.org/schema/integration/stream"
	xmlns:file="http://www.springframework.org/schema/integration/file"
	xmlns:http="http://www.springframework.org/schema/integration/http"
	xmlns:feed="http://www.springframework.org/schema/integration/feed"
	xsi:schemaLocation="http://www.springframework.org/schema/integration/feed http://www.springframework.org/schema/integration/feed/spring-integration-feed.xsd
		http://www.springframework.org/schema/beans http://www.springframework.org/schema/beans/spring-beans.xsd
		http://www.springframework.org/schema/integration/stream http://www.springframework.org/schema/integration/stream/spring-integration-stream.xsd
		http://www.springframework.org/schema/integration/file http://www.springframework.org/schema/integration/file/spring-integration-file.xsd
		http://www.springframework.org/schema/integration/http http://www.springframework.org/schema/integration/http/spring-integration-http.xsd
		http://www.springframework.org/schema/integration http://www.springframework.org/schema/integration/spring-integration.xsd">
	
	
	<stream:stdin-channel-adapter id="producer" 		channel="inch"></stream:stdin-channel-adapter>  
	<int:transformer input-channel="inch" output-channel="outch"   ref = "myTrans"></int:transformer>
	<!-- <int:transformer input-channel="inch" output-channel="outch"   expression="payload.toUpperCase()"></int:transformer> -->
	<stream:stdout-channel-adapter id="consumer1" 	channel="outch" append-newline="true"  /> 
		
 	 <int:channel id="inch"  />  
 	 <int:channel id="outch"  />  
 	  
	<int:poller default="true" id="defaultPoller"
		max-messages-per-poll="3" 	fixed-rate="1000"></int:poller>
		
	<!-- <bean id="myfilter" class="demo.MyFilter"></bean>  -->
		
</beans>		
